{
  "editorLastVersion": "0.6.16c",
  "playerSettings": {},
  "globalSettings": {
    "safetyProfile": "off"
  },
  "blockedList": {},
  "editorUVAreaAlpha": 0.8,
  "serverSettings": {},
  "editorSelectMouseButton": 0.0,
  "titleScreenButton": true,
  "friendSettings": {},
  "keybinds": {},
  "editorDragMouseButton": -1.0,
  "editorMenuMouseButton": 1.0,
  "editorRotateMouseButton": 2.0,
  "safetyProfiles": {},
  "editorRecentProjects": [
    "C:\\Users\\aleja\\OneDrive\\Escritorio\\++AnimationV1_3+BetterCombat.cpmproject",
    "C:\\Users\\aleja\\OneDrive\\Escritorio\\++aNIAMTIONS V1.3.1_Vanilla compact.cpmproject",
    "C:\\Users\\aleja\\curseforge\\minecraft\\Instances\\ANIMALES MOBS QUITADOS (1)\\player_models\\++AnimationV1_3+BetterCombat.cpmproject",
    "C:\\Users\\aleja\\OneDrive\\Escritorio\\++AnimationV1_3+BetterCombat (1).cpmproject"
  ]
}