{
  "__comment": "Instructions: https://blakesmods.com/docs/cucumber/tags-config",
  "forge:ingots/tungsten": "moremekanismprocessing:tungsten_ingot",
  "forge:silicon": "refinedstorage:silicon",
  "forge:dusts/saltpeter": "bloodmagic:saltpeter",
  "forge:ingots/platinum": "moremekanismprocessing:platinum_ingot",
  "forge:ingots/graphite": "biggerreactors:graphite_ingot",
  "forge:ingots/mithril": "null",
  "forge:ingots/iridium": "moremekanismprocessing:iridium_ingot",
  "forge:dusts/niter": "moremekanismprocessing:dust_niter",
  "forge:ingots/chrome": "null",
  "forge:ingots/titanium": "moremekanismprocessing:titanium_ingot",
  "forge:rubber": "null",
  "forge:gems/peridot": "moremekanismprocessing:gem_peridot"
}