{
  "Version": 210,
  "Gore": true,
  "CowLeatherDropQty": 1,
  "CowProcess1DropQty": 1,
  "CowProcess2DropQty": 1,
  "CowProcess3DropQty": 1,
  "legcowDropQty": 1,
  "beefribsDropQty": 1,
  "beeftenderloinDropQty": 1,
  "PigProcess1DropQty": 1,
  "PigProcess2DropQty": 1,
  "PigProcess3DropQty": 1,
  "hamDropQty": 1,
  "porkribsDropQty": 1,
  "porkloinDropQty": 1,
  "SheepLeatherDropQty": 1,
  "SheepProcess1DropQty": 1,
  "SheepProcess2DropQty": 1,
  "SheepProcess3DropQty": 1,
  "sheepshankDropQty": 1,
  "sheeprackDropQty": 1,
  "sheeploinDropQty": 1,
  "GoatLeatherDropQty": 1,
  "GoatProcess1DropQty": 1,
  "GoatProcess2DropQty": 1,
  "GoatProcess3DropQty": 1,
  "goat_shankDropQty": 1,
  "goatrackDropQty": 1,
  "goat_loinDropQty": 1,
  "LlamaLeatherDropQty": 1,
  "LlamaProcess1DropQty": 1,
  "LlamaProcess2DropQty": 1,
  "LlamaProcess3DropQty": 1,
  "llama_legDropQty": 1,
  "llama_ribsDropQty": 1,
  "llama_loinDropQty": 1,
  "HoglinLeatherDropQty": 1,
  "HoglinProcess1DropQty": 1,
  "HoglinProcess2DropQty": 1,
  "HoglinProcess3DropQty": 1,
  "HoglinhamDropQty": 1,
  "HoglinporkribsDropQty": 1,
  "HoglinporkloinDropQty": 1,
  "onlyknifedrops": false
}